layer,severity,module,cka,cka_unbiased,drop_from_clean,cka_unbiased_drop
0,4,patch_embed,0.30979010462760925,0.3055635001739734,0.6902098953723907,0.6944364998260266
1,4,blocks.0,0.8974233269691467,0.8971653034674943,0.10257667303085327,0.10283469653250565
2,4,blocks.0.attn,0.8816969394683838,0.8812675702015875,0.11830306053161621,0.11873242979841248
3,4,blocks.0.mlp,0.7182489633560181,0.7180345465149917,0.28175103664398193,0.28196545348500834
4,4,blocks.1,0.7951241135597229,0.7935374490651511,0.2048758864402771,0.2064625509348489
5,4,blocks.1.attn,0.5324306488037109,0.5266959086081675,0.46756935119628906,0.4733040913918325
6,4,blocks.1.mlp,0.3296481966972351,0.325213534424081,0.6703518033027649,0.674786465575919
7,4,blocks.2,0.7877988815307617,0.786344089287864,0.21220111846923828,0.21365591071213597
8,4,blocks.2.attn,0.5218085646629333,0.5156712242220405,0.47819143533706665,0.4843287757779595
9,4,blocks.2.mlp,0.5277749300003052,0.5249253011625266,0.4722250699996948,0.47507469883747344
10,4,blocks.3,0.589963972568512,0.5845182274997343,0.41003602743148804,0.41548177250026574
11,4,blocks.3.attn,0.44629746675491333,0.4371582106362618,0.5537025332450867,0.5628417893637382
12,4,blocks.3.mlp,0.2958492934703827,0.2871843803417824,0.7041507065296173,0.7128156196582176
13,4,blocks.4,0.4286438822746277,0.41673563467380453,0.5713561177253723,0.5832643653261955
14,4,blocks.4.attn,0.3197714388370514,0.30486744419693507,0.6802285611629486,0.695132555803065
15,4,blocks.4.mlp,0.2594796419143677,0.2469233620470687,0.7405203580856323,0.7530766379529313
16,4,blocks.5,0.4224948287010193,0.4101210461374851,0.5775051712989807,0.5898789538625149
17,4,blocks.5.attn,0.47291842103004456,0.45782392231721014,0.5270815789699554,0.5421760776827899
18,4,blocks.5.mlp,0.33890774846076965,0.32570886094228235,0.6610922515392303,0.6742911390577176
19,4,blocks.6,0.3890998363494873,0.3741787777173114,0.6109001636505127,0.6258212222826887
20,4,blocks.6.attn,0.45565566420555115,0.43624491363949447,0.5443443357944489,0.5637550863605055
21,4,blocks.6.mlp,0.3176831007003784,0.30254085314959406,0.6823168992996216,0.6974591468504059
22,4,blocks.7,0.4093133509159088,0.39478052671856917,0.5906866490840912,0.6052194732814309
23,4,blocks.7.attn,0.4125184118747711,0.3909808492245076,0.5874815881252289,0.6090191507754924
24,4,blocks.7.mlp,0.24104958772659302,0.2264148250330943,0.758950412273407,0.7735851749669057
25,4,blocks.8,0.39736565947532654,0.3843853913875479,0.6026343405246735,0.6156146086124521
26,4,blocks.8.attn,0.41226083040237427,0.393130481436584,0.5877391695976257,0.606869518563416
27,4,blocks.8.mlp,0.32016801834106445,0.3065363878176849,0.6798319816589355,0.6934636121823151
28,4,blocks.9,0.3561801612377167,0.3448188501413414,0.6438198387622833,0.6551811498586586
29,4,blocks.9.attn,0.3366827368736267,0.31844225798450715,0.6633172631263733,0.6815577420154928
30,4,blocks.9.mlp,0.2557711899280548,0.2430594985609604,0.7442288100719452,0.7569405014390396
31,4,blocks.10,0.2790905833244324,0.25994954982875246,0.7209094166755676,0.7400504501712475
32,4,blocks.10.attn,0.29478704929351807,0.2562298005661762,0.7052129507064819,0.7437701994338237
33,4,blocks.10.mlp,0.21831002831459045,0.1963206536550422,0.7816899716854095,0.8036793463449579
34,4,blocks.11,0.3036128580570221,0.26670166267971823,0.6963871419429779,0.7332983373202817
35,4,blocks.11.attn,0.35925814509391785,0.32958896448195557,0.6407418549060822,0.6704110355180444
36,4,blocks.11.mlp,0.22403202950954437,0.18795621291233636,0.7759679704904556,0.8120437870876637
