layer,severity,cka,drop_from_clean
0,1,0.863084,0.136916
0,2,0.665642,0.334358
0,3,0.539446,0.460554
0,4,0.484414,0.515586
0,5,0.423364,0.576636
1,1,0.884661,0.115339
1,2,0.761771,0.238229
1,3,0.660991,0.339009
1,4,0.500903,0.499097
1,5,0.389696,0.610304
2,1,0.957004,0.042996
2,2,0.894098,0.105902
2,3,0.838568,0.161432
2,4,0.736341,0.263659
2,5,0.554953,0.445047
3,1,0.945879,0.054121
3,2,0.867663,0.132337
3,3,0.811639,0.188361
3,4,0.717987,0.282013
3,5,0.520269,0.479731
4,1,0.875284,0.124716
4,2,0.772209,0.227791
4,3,0.702083,0.297917
4,4,0.598816,0.401184
4,5,0.445530,0.554470
5,1,0.917642,0.082358
5,2,0.813482,0.186518
5,3,0.719227,0.280773
5,4,0.594305,0.405695
5,5,0.458668,0.541332
6,1,0.928873,0.071127
6,2,0.821348,0.178652
6,3,0.694992,0.305008
6,4,0.548076,0.451924
6,5,0.398857,0.601143
7,1,0.915462,0.084538
7,2,0.790797,0.209203
7,3,0.623001,0.376999
7,4,0.434641,0.565359
7,5,0.290806,0.709194
8,1,0.895508,0.104492
8,2,0.743781,0.256219
8,3,0.551430,0.448570
8,4,0.350347,0.649653
8,5,0.187713,0.812287
9,1,0.930590,0.069410
9,2,0.823272,0.176728
9,3,0.654775,0.345225
9,4,0.383545,0.616455
9,5,0.188751,0.811249
10,1,0.958304,0.041696
10,2,0.873093,0.126907
10,3,0.641110,0.358890
10,4,0.315822,0.684178
10,5,0.140502,0.859498
11,1,0.953697,0.046303
11,2,0.846505,0.153495
11,3,0.609225,0.390775
11,4,0.295259,0.704741
11,5,0.146319,0.853681
